Key word,Brand,Rank
paint sri lanka,Nippon Paints,1
paint sri lanka,DULUX,2
paint sri lanka,Asian Paints,3
paint sri lanka,Multilac,4
exterior paint Sri Lanka,Nippon Paints,1
exterior paint Sri Lanka,JAT,2
exterior paint Sri Lanka,Asian Paints,3
exterior paint Sri Lanka,DULUX,4
interior paint Sri Lanka,DULUX,1
interior paint Sri Lanka,Nippon Paints,2
interior paint Sri Lanka,Asian Paints,3
interior paint Sri Lanka,JAT,4
interior paint Sri Lanka,Multilac,5
best paint brand Sri Lanka,Nippon Paints,1
best paint brand Sri Lanka,DULUX,2
best paint brand Sri Lanka,Asian Paints,3
best paint brand Sri Lanka,Multilac,4
waterproof paint Sri Lanka,Nippon Paints,1
waterproof paint Sri Lanka,DULUX,2
waterproof paint Sri Lanka,Asian Paints,3
lead safe paint Sri Lanka,Multilac,1
house paint price Sri Lanka,Nippon Paints,1
house paint price Sri Lanka,DULUX,2
wall paint Sri Lanka,DULUX,1
wall paint Sri Lanka,Nippon Paints,2
wall paint Sri Lanka,Asian Paints,3
wall paint Sri Lanka,Multilac,4
eco friendly paint Sri Lanka,Nippon Paints,1
eco friendly paint Sri Lanka,DULUX,2
